{"id":"a746","atm":"NatWest","location1":{"lat":"53.7982284","lon":"-1.5469429"},"location2":{"lat":"53.796226","lon":"-1.5426083"}}
{"id":"a674","atm":"Co Operative Bank","location1":{"lat":"53.6914382","lon":"-1.7997313"},"location2":{"lat":"53.7986913","lon":"-1.2518281"}}
{"id":"a189","atm":"RBS","location1":{"lat":"53.5540984","lon":"-1.4816161"},"location2":{"lat":"53.7015283","lon":"-1.4630307"}}
{"id":"a357","atm":"NatWest","location1":{"lat":"53.798281","lon":"-1.5469429"},"location2":{"lat":"53.8018075","lon":"-1.5442589"}}
{"id":"a906","atm":"Halifax Building Society","location1":{"lat":"53.9056907","lon":"-1.694482"},"location2":{"lat":"53.8687467","lon":"-1.9042448"}}
{"id":"a906","atm":"Post Office","location1":{"lat":"53.8127993","lon":"-1.6712572"},"location2":{"lat":"53.8134854","lon":"-1.6021803"}}